"book_id";"title";"author";"year";"summary";"genre_1";"genre_2";"genre_3";"image"
1;"1984";"George Orwell";"1949";"Among the seminal texts of the 20th century, Nineteen Eighty-Four is a rare work that grows more haunting as its futuristic purgatory becomes more real. Published in 1949, the book offers political satirist George Orwell's nightmarish vision of a totalitarian, bureaucratic world and one poor stiff's attempt to find individuality. The brilliance of the novel is Orwell's prescience of modern life?the ubiquity of television, the distortion of the language?and his ability to construct such a thorough version of hell. Required reading for students since it was published, it ranks among the most terrifying novels ever written.";"Classics";"Fiction";"Science Fiction";"../images/book-thumbs/1984.png"
2;"Fahrenheit 451";"Ray Bradbury";"1953";"Guy Montag is a fireman. His job is to destroy the most illegal of commodities, the printed book, along with the houses in which they are hidden. Montag never questions the destruction and ruin his actions produce, returning each day to his bland life and wife, Mildred, who spends all day with her television ?family.? But when he meets an eccentric young neighbor, Clarisse, who introduces him to a past where people didn?t live in fear and to a present where one sees the world through the ideas in books instead of the mindless chatter of television, Montag begins to question everything he has ever known.";"Classics";"Fiction";"Science Fiction";"../images/book-thumbs/Fahrenheit 451.png"
3;"Earth Abides";"George R. Stewart";"1949";"A disease of unparalleled destructive force has sprung up almost simultaneously in every corner of the globe, all but destroying the human race. One survivor, strangely immune to the effects of the epidemic, ventures forward to experience a world without man. What he ultimately discovers will prove far more astonishing than anything he'd either dreaded or hoped for.";"Science Fiction";"Fiction";"Adventure";"../images/book-thumbs/Earth Abides.png"
4;"Childhood's End";"Arthur C. Clarke";"1953";"The Overlords appeared suddenly over every city--intellectually, technologically, and militarily superior to humankind. Benevolent, they made few demands: unify earth, eliminate poverty, and end war. With little rebellion, humankind agreed, and a golden age began. But at what cost? With the advent of peace, man ceases to strive for creative greatness, and a malaise settles over the human race.";"Science Fiction";"Fiction";"Fantasy";"../images/book-thumbs/Childhood's End.png"
5;"Dune";"Frank Herbert";"1965";"Set on the desert planet Arrakis, Dune is the story of the boy Paul Atreides, heir to a noble family tasked with ruling an inhospitable world where the only thing of value is the ?spice? melange, a drug capable of extending life and enhancing consciousness. Coveted across the known universe, melange is a prize worth killing for...";"Science Fiction";"Fiction";"Fantasy";"../images/book-thumbs/Dune.png"
6;"The Pillars of the Earth";"Ken Follett";"1989";"Against this richly imagined and intricately interwoven backdrop, filled with the ravages of war and the rhythms of daily life, the master storyteller draws the reader irresistibly into the intertwined lives of his characters into their dreams, their labors, and their loves: Tom, the master builder; Aliena, the ravishingly beautiful noblewoman; Philip, the prior of Kingsbridge Jack, the artist in stone and Ellen, the woman of the forest who casts a terrifying curse. From humble stonemason to imperious monarch, each character is brought vividly to life.";"Fiction";"Historical ";"Fantasy";"../images/book-thumbs/The Pillars of the Earth.png"
7;"Alice's Adventure in Wonderland";"Lewis Carroll";"1865";"After a tumble down the rabbit hole, Alice finds herself far away from home in the absurd world of Wonderland. As mind-bending as it is delightful, Lewis Carroll?s 1865 novel is pure magic for young and old alike.";"Classics";"Adventure ";"Fiction";"../images/book-thumbs/Alice's Adventure in Wonderland.png"
8;"The Call of the Wild";"Jack London";"1903";"First published in 1903,ÿThe Call of the Wildÿis regarded as Jack London's masterpiece. Based on London's experiences as a gold prospector in the Canadian wilderness and his ideas about nature and the struggle for existence,ÿThe Call of the Wildÿis a tale about unbreakable spirit and the fight for survival in the frozen Alaskan Klondike.";"Adventure ";"Fiction";"Young Adult";"../images/book-thumbs/The Call of the Wild.png"
9;"Into The Wild";"John Krakauer";"1996";"In April, 1992, a young man from a well-to-do family hitchhiked to Alaska and walked alone into the wilderness north of Mt. McKinley. His name was Christopher Johnson McCandless. He had given $25,000 in savings to charity, abandoned his car and most of his possessions, burned all the cash in his wallet, and invented a new life for himself. Four months later, a party of moose hunters found his decomposed body. How McCandless came to die is the unforgettable story ofÿInto the Wild.";"Adventure ";"Non Fiction";"Adventure";"../images/book-thumbs/Into The Wild.png"
10;"Treasure Island";"Robert Louis Stevenson";"1883";"From the moment young Jim Hawkins first encounters the sinister Blind Pew at the Admiral Benbow Inn until the climactic battle for treasure on a tropic isle, the novel creates scenes and characters that have fired the imaginations of generations of readers. Written by a superb prose stylist, a master of both action and atmosphere, the story centers upon the conflict between good and evil - but in this case a particularly engaging form of evil. It is the villainy of that most ambiguous rogue Long John Silver that sets the tempo of this tale of treachery, greed, and daring. Designed to forever kindle a dream of high romance and distant horizons, Treasure Island is, in the words of G. K. Chesterton, 'the realization of an ideal, that which is promised in its provocative and beckoning map; a vision not only of white skeletons but also green palm trees and sapphire seas.' G. S. Fraser terms it 'an utterly original book' and goes on to write: 'There will always be a place for stories like Treasure Island that can keep boys and old men happy.'";"Adventure";"Classics";"Fiction";"../images/book-thumbs/Treasure Island.png"
11;"The Name of the Wind";"Patrick Rothfuss";"2007";"Told in Kvothe's own voice, this is the tale of the magically gifted young man who grows to be the most notorious wizard his world has ever seen. The intimate narrative of his childhood in a troupe of traveling players, his years spent as a near-feral orphan in a crime-ridden city, his daringly brazen yet successful bid to enter a legendary school of magic, and his life as a fugitive after the murder of a king form a gripping coming-of-age story unrivaled in recent literature.";"Fantasy";"Adventure ";"Magic";"../images/book-thumbs/The Name of the Wind.png"
12;"Five Children and It";"E. Nesbit";"1902";"The five children find a cantankerous sand fairy, aÿpsammead, in a gravel pit. Every day 'It' will grant each of them a wish that lasts until sunset, often with disastrous consequences. Never out of print since 1902. The Introduction to this edition examines Nesbit's life and her reading, showing the change in childrens' literature from Victorian times.";"Fantasy";"Classics";"Children";"../images/book-thumbs/Five Children and It.png"
13;"Six of Crows";"Leigh Barugo";"2015";"Ketterdam: a bustling hub of international trade where anything can be had for the right price?and no one knows that better than criminal prodigy Kaz Brekker. Kaz is offered a chance at a deadly heist that could make him rich beyond his wildest dreams. But he can?t pull it off alone. . . .";"Fantasy";"Young Adult";"Fiction";"../images/book-thumbs/Six of Crows.png"
14;"Good Omens";"Neil Gaiman";"1990";"It?s a predicament that Aziraphale, a somewhat fussy angel, and Crowley, a fast-living demon now finds themselves in. They?ve been living amongst Earth?s mortals since The Beginning and, truth be told, have grown rather fond of the lifestyle and, in all honesty, are not actually looking forward to the coming Apocalypse.";"Fantasy";"Fiction";"Humour";"../images/book-thumbs/Good Omens.png"
15;"Harry Potter and the Philosopher's Stone";"J.K. Rowling";"1997";"Harry Potter's life is miserable. His parents are dead and he's stuck with his heartless relatives, who force him to live in a tiny closet under the stairs. But his fortune changes when he receives a letter that tells him the truth about himself: he's a wizard. A mysterious visitor rescues him from his relatives and takes him to his new home, Hogwarts School of Witchcraft and Wizardry.";"Fantasy";"Magic";"Adventure";"../images/book-thumbs/Harry Potter and the Philosopher's Stone.png"
16;"Harry Potter and the Chamber of Secrets";"J.K. Rowling";"1998";"Ever since Harry Potter had come home for the summer, the Dursleys had been so mean and hideous that all Harry wanted was to get back to the Hogwarts School for Witchcraft and Wizardry. But just as he?s packing his bags, Harry receives a warning from a strange impish creature who says that if Harry returns to Hogwarts, disaster will strike.And strike it does. For in Harry?s second year at Hogwarts, fresh torments and horrors arise, including an outrageously stuck-up new professor and a spirit who haunts the girls? bathroom. But then the real trouble begins ? someone is turning Hogwarts students to stone.";"Fantasy";"Magic";"Adventure";"../images/book-thumbs/Harry Potter and the Chamber of Secrets.png"
17;"Harry Potter and the Prisoner of Azkaban";"J.K. Rowling";"1999";"For twelve long years, the dread fortress of Azkaban held an infamous prisoner named Sirius Black. Convicted of killing thirteen people with a single curse, he was said to be the heir apparent to the Dark Lord, Voldemort.Now he has escaped, leaving only two clues as to where he might be headed: Harry Potter's defeat of You-Know-Who was Black's downfall as well. And the Azkaban guards heard Black muttering in his sleep, ""He's at Hogwarts . . . he's at Hogwarts.""""""";"Fantasy";"Magic";"Adventure";"../images/book-thumbs/Harry Potter and the Prisoner of Azkaban.png"
18;"Harry Potter and the Goblet of Fire";"J.K. Rowling";"2000";"Harry Potter is midway through his training as a wizard and his coming of age. Harry wants to get away from the pernicious Dursleys and go to the International Quidditch Cup with Hermione, Ron, and the Weasleys. He wants to dream about Cho Chang, his crush (and maybe do more than dream). He wants to find out about the mysterious event that's supposed to take place at Hogwarts this year, an event involving two other rival schools of magic, and a competition that hasn't happened for hundreds of years";"Fantasy";"Magic";"Adventure";"../images/book-thumbs/Harry Potter and the Goblet of Fire.png"
19;"Harry Potter and the Order of the Phoenix";"J.K. Rowling";"2003";"There is a door at the end of a silent corridor. And it?s haunting Harry Pottter?s dreams. Why else would he be waking in the middle of the night, screaming in terror? Harry has a lot on his mind for this, his fifth year at Hogwarts: a Defense Against the Dark Arts teacher with a personality like poisoned honey; a big surprise on the Gryffindor Quidditch team; and the looming terror of the Ordinary Wizarding Level exams";"Fantasy";"Magic";"Adventure";"../images/book-thumbs/Harry Potter and the Order of the Phoenix.png"
20;"Harry Potter and the Half Blood Prince";"J.K. Rowling";"2005";"The war against Voldemort is not going well; even Muggle governments are noticing. Ron scans the obituary pages of the Daily Prophet, looking for familiar names. Dumbledore is absent from Hogwarts for long stretches of time, and the Order of the Phoenix has already suffered losses. As in all wars, life goes on. The Weasley twins expand their business. Sixth-year students learn to Apparate - and lose a few eyebrows in the process. Teenagers flirt and fight and fall in love. Classes are never straightforward, through Harry receives some extraordinary help from the mysterious Half-Blood Prince.";"Fantasy";"Magic";"Adventure";"../images/book-thumbs/Harry Potter and the Half Blood Prince.png"
21;"Harry Potter and the Deathly Hallows";"J.K. Rowling";"2007";"It's no longer safe for Harry at Hogwarts, so he and his best friends, Ron and Hermione, are on the run. Professor Dumbledore has given them clues about what they need to do to defeat the dark wizard, Lord Voldemort, once and for all, but it's up to them to figure out what these hints and suggestions really mean. Their cross-country odyssey has them searching desperately for the answers, while evading capture or death at every turn. At the same time, their friendship, fortitude, and sense of right and wrong are tested in ways they never could have imagined.";"Fantasy";"Magic";"Adventure";"../images/book-thumbs/Harry Potter and the Deathly Hallows.png"
22;"Here and Now and Then";"Mike Chen";"2019";"Kin Stewart is an everyday family man: working in IT, trying to keep the spark in his marriage, struggling to connect with his teenage daughter, Miranda. But his current life is a far cry from his previous career?as a time-traveling secret agent from 2142. Stranded in suburban San Francisco since the 1990s after a botched mission, Kin has kept his past hidden from everyone around him, despite the increasing blackouts and memory loss affecting his time-traveler?s brain. Until one afternoon, his ?rescue? team arrives?eighteen years too late.";"Time Travel";"Science Fiction";"Fantasy";"../images/book-thumbs/Here and Now and Then.png"
23;"The Future of Another Timeline";"Annalee Newitz";"2019";"1992: After a confrontation at a riot grrl concert, seventeen-year-old Beth finds herself in a car with her friend's abusive boyfriend dead in the backseat, agreeing to help her friends hide the body. This murder sets Beth and her friends on a path of escalating violence and vengeance as they realize many other young women in the world need protecting too.";"Time Travel";"Fiction";"Fantasy";"../images/book-thumbs/The Future of Another Timeline.png"
24;"The Psychology of Time Travel";"Kate Mascarenhas";"2017";"In 1967, four female scientists worked together to build the world?s first time machine. But just as they are about to debut their creation, one of them suffers a breakdown, putting the whole project?and future of time travel?in jeopardy. To protect their invention, one member is exiled from the team?erasing her contributions from history.";"Time Travel";"Mystery";"Fiction";"../images/book-thumbs/The Psychology of Time Travel.png"
25;"The Time Keeper";"Mitch Albom";"2012";"The inventor of the world's first clock is punished for trying to measure God's greatest gift. He is banished to a cave for centuries and forced to listen to the voices of all who come after him seeking more days, more years. Eventually, with his soul nearly broken, Father Time is granted his freedom, along with a magical hourglass and a mission: a chance to redeem himself by teaching two earthly people the true meaning of time.";"Fiction";"Fantasy";"Inspirational";"../images/book-thumbs/The Time Keeper.png"
26;"Paper Town";"John Green";"2008";"Quentin Jacobsen has spent a lifetime loving the magnificently adventurous Margo Roth Spiegelman from afar. So when she cracks open a window and climbs into his life?dressed like a ninja and summoning him for an ingenious campaign of revenge?he follows. After their all-nighter ends, and a new day breaks, Q arrives at school to discover that Margo, always an enigma, has now become a mystery. But Q soon learns that there are clues?and they're for him. Urged down a disconnected path, the closer he gets, the less Q sees the girl he thought he knew...";"Young Adult";"Romance";"Fiction";"../images/book-thumbs/Paper Town.png"
27;"The Perks of Being a Wallflower";"Stephen Chbosky";"1999";"standing on the fringes of life... offers a unique perspective. But there comes a time to see what it looks like from the dance floor. This haunting novel about the dilemma of passivity vs. passion marks the stunning debut of a provocative new voice in contemporary fiction: The Perks of Being A WALLFLOWER This is the story of what it's like to grow up in high school. More intimate than a diary, Charlie's letters are singular and unique, hilarious and devastating.";"Young Adult";"Fiction";"Classics";"../images/book-thumbs/The Perks of Being a Wallflower.png"
28;"The Fault In Our Stars";"John Green";"2012";"Despite the tumor-shrinking medical miracle that has bought her a few years, Hazel has never been anything but terminal, her final chapter inscribed upon diagnosis. But when a gorgeous plot twist named Augustus Waters suddenly appears at Cancer Kid Support Group, Hazel's story is about to be completely rewritten.";"Young Adult";"Romance";"Fiction";"../images/book-thumbs/The Fault In Our Stars.png"
29;"The Book Thief";"Markus Zusak";"2005";"It is 1939. Nazi Germany. The country is holding its breath. Death has never been busier, and will be busier still. By her brother's graveside, Liesel's life is changed when she picks up a single object, partially hidden in the snow. It is The Gravedigger's Handbook, left behind there by accident, and it is her first act of book thievery. So begins a love affair with books and words, as Liesel, with the help of her accordian-playing foster father, learns to read. Soon she is stealing books from Nazi book-burnings, the mayor's wife's library, wherever there are books to be found.";"Young Adult";"Fiction";"Historical";"../images/book-thumbs/The Book Thief.png"
30;"Fangirl";"Rainbow Rowell";"2013";"Cath is a Simon Snow fan. Okay, the whole world is a Simon Snow fan.... But for Cath, being a fan is her life?and she's really good at it. She and her twin, Wren, ensconced themselves in the Simon Snow series when they were just kids; it's what got them through their mother leaving. Reading. Rereading. Hanging out in Simon Snow forums, writing Simon Snow fanfiction, dressing up like the characters for every movie premiere. Cath's sister has mostly grown away from fandom, but Cath can't let go. She doesn't want to.";"Young Adult";"Romance";"Fiction";"../images/book-thumbs/Fangirl.png"
31;"Eleanor and Park";"Rainbow Rowell";"2012";"Eleanor is the new girl in town, and with her chaotic family life, her mismatched clothes and unruly red hair, she couldn't stick out more if she tried. Park is the boy at the back of the bus. Black T-shirts, headphones, head in a book?he thinks he's made himself invisible. But not to Eleanor... never to Eleanor.";"Young Adult";"Romance";"Fiction";"../images/book-thumbs/Eleanor and Park.png"
32;"Looking for Alaska";"John Green";"2005";"Before. Miles ?Pudge? Halter is done with his safe life at home. His whole life has been one big non-event, and his obsession with famous last words has only made him crave ?the Great Perhaps? even more (Francois Rabelais, poet). He heads off to the sometimes crazy and anything-but-boring world of Culver Creek Boarding School, and his life becomes the opposite of safe. Because down the hall is Alaska Young.";"Young Adult";"Fiction";"Romance";"../images/book-thumbs/Looking for Alaska.png"
33;"All the Bright Places";"Jennifer Niven";"2015";"Theodore Finch is fascinated by death, and he constantly thinks of ways he might kill himself. But each time, something good, no matter how small, stops him. Violet Markey lives for the future, counting the days until graduation, when she can escape her Indiana town and her aching grief in the wake of her sister?s recent death. When Finch and Violet meet on the ledge of the bell tower at school, it?s unclear who saves whom. And when they pair up on a project to discover the ?natural wonders? of their state, both Finch and Violet make more important discoveries: It?s only with Violet that Finch can be himself?a weird, funny, live-out-loud guy who?s not such a freak after all.";"Young Adult";"Romance";"Fiction";"../images/book-thumbs/All the Bright Places.png"
34;"Everything, Everything";"Nicola Yoon";"2015";"My disease is as rare as it is famous. It?s a form of Severe Combined Immunodeficiency, but basically, I?m allergic to the world. I don?t leave my house, have not left my house in fifteen years. The only people I ever see are my mom and my nurse, Carla. But then one day, a moving truck arrives. New next door neighbors. I look out the window, and I see him. He?s tall, lean and wearing all black?black t-shirt, black jeans, black sneakers and a black knit cap that covers his hair completely. He catches me looking and stares at me. I stare right back. His name is Olly. I want to learn everything about him, and I do. I learn that he is funny and fierce. ";"Young Adult";"Romance";"Fiction";"../images/book-thumbs/Everything, Everything.png"
36;"The Notebook";"Nicholas Spark";"1996";"Set amid the austere beauty of the North Carolina coast begins the story of Noah Calhoun, a rural Southerner recently returned from the Second World War. Noah is restoring a plantation home to its former glory, and he is haunted by images of the beautiful girl he met fourteen years earlier, a girl he loved like no other. Unable to find her, yet unwilling to forget the summer they spent together, Noah is content to live with only memories...until she unexpectedly returns to his town to see him once again.";"Romance";"Fiction";"Drama";"../images/book-thumbs/The Notebook.png"
37;"Me Before You";"Jojo Moyes";"2012";"They had nothing in common until love gave them everything to lose . . . Louisa Clark is an ordinary girl living an exceedingly ordinary life?steady boyfriend, close family?who has barely been farther afield than their tiny village. She takes a badly needed job working for ex?Master of the Universe Will Traynor, who is wheelchair bound after an accident. Will has always lived a huge life?big deals, extreme sports, worldwide travel?and now he?s pretty sure he cannot live the way he is.";"Romance";"Fiction";"Drama";"../images/book-thumbs/Me Before You.png"
38;"Half Girlfriend";"Chetan Bhagat";"2014";"Once upon a time, there was a Bihari boy called Madhav. He fell in love with a girl from Delhi called Riya. Madhav didn't speak English well. Riya did. Madhav wanted a relationship. Riya didn't. Riya just wanted friendship. Madhav didn't. Riya suggested a compromise. She agreed to be his half girlfriend. From the author of the blockbuster novels Five Point Someone, One Night @ the Call Center, The 3 Mistakes of My Life, 2 States and Revolution 2020 comes a simple and beautiful love story that will touch your heart and inspire you to chase your dreams";"Romance";"Fiction";"Young Adult";"../images/book-thumbs/Half Girlfriend.png"
39;"I Too Had a Love Story";"Ravinder Singh";"2008";"It is believed that love is the most magical feeling in the world. Yet, only a few lucky ones get to experience it in their lives. If the beginning of Ravin and Khushi's journey is anything to go by, their story is bound to be anything but conventional. However, if they have been lucky enough to find true love in each other, will they have the strength to deal with the biggest challenge life throws their way? It has been three years since Ravin graduated from engineering college and, slowly but surely, he is beginning to get his ducks in a row. He has a decent job, a stable salary, and has his eyes set on an MBA. Is this a good time to start thinking about 'settling down'? How does one even find love?";"Romance";"Fiction";"Drama";"../images/book-thumbs/I Too Had a Love Story.png"
40;"Wish I Could Tell You";"Durjoy Dutta";"2019";"A disillusioned and heartbroken Anusha finds herself in the small world of WeDonate.com. Struggling to cope with her feelings and the job of raising money for charity, she reluctantly searches for a worthwhile cause to support. For Ananth, who has been on the opposite side, no life is less worthy, no cause too small to support. Behind them are teams for whom going to extraordinary lengths to save lives is more than a full-time occupation. In front of them is the virtual world of social media-watching, interacting, judging, making choices, and sometimes, saving lives. From the virtual to the real, their lives and that of their families, entangle in a way that moving together is the only solution. They can't escape each other.";"Romance";"Drama";"Fiction";"../images/book-thumbs/Wish I Could Tell You.png"
41;"A Suitable Boy";"Vikram Seth";"1993";"Vikram Seth's novel is, at its core, a love story: Lata and her mother, Mrs. Rupa Mehra, are both trying to find?through love or through exacting maternal appraisal?a suitable boy for Lata to marry. Set in the early 1950s, in an India newly independent and struggling through a time of crisis, A Suitable Boy takes us into the richly imagined world of four large extended families and spins a compulsively readable tale of their lives and loves. A sweeping panoramic portrait of a complex, multiethnic society in flux, A Suitable Boy remains the story of ordinary people caught up in a web of love and ambition, humor and sadness, prejudice and reconciliation, the most delicate social etiquette and the most appalling violence.";"Fiction";"Classics";"Romance";"../images/book-thumbs/A Suitable Boy.png"
42;"Will You Still Love Me?";"Ravinder Singh";"2018";"Lavanya Gogoi is from the scenic hills of Shillong while Rajveer Saini belongs to the shahi city of Patiala. Worlds apart from one another, the two land up next to each other on a flight from Mumbai to Chandigarh. It's love at first flight, at least for one of them. For the other . . . well, it's going to take more than a plane ride! And when love does finally happen, there are more obstacles to overcome. Rajveer has to stand up against his own if he and Lavanya are to be together.";"Romance";"Fiction";"Drama";"../images/book-thumbs/Will You Still Love Me.png"
43;"Can Love Happen Twice";"Ravinder Singh";"2011";"When Ravin first said ?I love you . . .? he meant it forever. The world has known this through Ravin?s bestselling novel, I Too Had a Love Story. But did Ravin?s story really end on the last page of that book? On Valentine?s Day, a radio station in Chandigarh hosts a very special romantic chat show. Ravin and his three best friends are invited as guests to talk about Ravin?s love story. But surprisingly everyone apart from Ravin turns up. As the show goes live, there is only one question in every listener?s mind: what has happened to Ravin?";"Romance";"Fiction";"Drama";"../images/book-thumbs/Can Love Happen Twice.png"
44;"Everyone Has a Story";"Savi Sharma";"2015";"Everyone has a story. Meera, a fledgling writer who is in search of a story that can touch millions of lives. Vivaan, assistant branch manager at Citibank, who dreams of travelling the world. Kabir, a caf‚ manager who desires something of his own. Nisha, the despondent caf‚ customer who keeps secrets of her own. Everyone has their own story, but what happens when these four lives are woven together? Pull up a chair in Kafe Kabir and watch them explore friendship and love, writing their own pages of life from the cosy caf‚ to the ends of the world. ";"Fiction";"Romance";"Drama";"../images/book-thumbs/Everyone Has a Story.png"
45;"Two States";"Chetan Bhagat";"2012";"Love marriages around the world are simple: Boy loves girl. Girl loves boy. They get married. In India, there are a few more steps: Boy loves Girl. Girl loves Boy. Girl's family has to love boy. Boy's family has to love girl. Girl's Family has to love Boy's Family. Boy's family has to love girl's family. Girl and Boy still love each other. They get married. Welcome to 2 States, a story about Krish and Ananya. They are from two different states of India, deeply in love and want to get married. ";"Fiction";"Romance";"Young Adult";"../images/book-thumbs/Two States.png"
46;"Promise Me a Million Times";"Keshav Aneel";"2016";"Believing life always gives us all a second chance is too bookish. Because sometimes, when we finally know our faults, the times acutely change from what they once used to be. Like a couple of migratory birds, both Charlie and Edwin leave everything back in their village and settle for a new life in a big city. For Edwin, it was where he was going to chase his dreams, but for Charlie, it was just another place to be with his only friend. However, when he meets Aster, who was silently walking through instabilities of her own destiny, he was in for an absolute unthoughtful phase of profoundness that was going to last.";"Romance";"Drama";"Fiction";"../images/book-thumbs/Promise Me a Million Times.png"
47;"The Silent Patient";"Alex Michaelides";"2019";"Alicia Berenson?s life is seemingly perfect. A famous painter married to an in-demand fashion photographer, she lives in a grand house with big windows overlooking a park in one of London?s most desirable areas. One evening her husband Gabriel returns home late from a fashion shoot, and Alicia shoots him five times in the face, and then never speaks another word. Alicia?s refusal to talk, or give any kind of explanation, turns a domestic tragedy into something far grander, a mystery that captures the public imagination and casts Alicia into notoriety.";"Thriller";"Mystery";"Fiction";"../images/book-thumbs/The Silent Patient.png"
48;"Gone Girl";"Gillian Flynn";"2012";"On a warm summer morning in North Carthage, Missouri, it is Nick and Amy Dunne?s fifth wedding anniversary. Presents are being wrapped and reservations are being made when Nick?s clever and beautiful wife disappears from their rented McMansion on the Mississippi River. Husband-of-the-Year Nick isn?t doing himself any favors with cringe-worthy daydreams about the slope and shape of his wife?s head, but passages from Amy's diary reveal the alpha-girl perfectionist could have put anyone dangerously on edge. Under mounting pressure from the police and the media?as well as Amy?s fiercely doting parents?the town golden boy parades an endless series of lies, deceits, and inappropriate behavior. Nick is oddly evasive, and he?s definitely bitter?but is he really a killer?";"Thriller";"Mystery";"Fiction";"../images/book-thumbs/Gone Girl.png"
49;"The Girl on the Train";"Paula Hawkins";"2015";"Rachel catches the same commuter train every morning. She knows it will wait at the same signal each time, overlooking a row of back gardens. She?s even started to feel like she knows the people who live in one of the houses. ?Jess and Jason,? she calls them. Their life?as she sees it?is perfect. If only Rachel could be that happy. And then she sees something shocking. It?s only a minute until the train moves on, but it?s enough. Now everything?s changed. Now Rachel has a chance to become a part of the lives she?s only watched from afar. Now they?ll see; she?s much more than just the girl on the train...";"Thriller";"Fiction";"Mystery";"../images/book-thumbs/The Girl on the Train.png"
50;"Da Vinci Code";"Dan Brown";"2003";"While in Paris, Harvard symbologist Robert Langdon is awakened by a phone call in the dead of the night. The elderly curator of the Louvre has been murdered inside the museum, his body covered in baffling symbols. As Langdon and gifted French cryptologist Sophie Neveu sort through the bizarre riddles, they are stunned to discover a trail of clues hidden in the works of Leonardo da Vinci?clues visible for all to see and yet ingeniously disguised by the painter.";"Thriller";"Mystery";"Suspense";"../images/book-thumbs/Da Vinci Code.png"
51;"The Girl with the Dragon Tatoo";"Steig Larsson";"2005";"Harriet Vanger, a scion of one of Sweden?s wealthiest families disappeared over forty years ago. All these years later, her aged uncle continues to seek the truth. He hires Mikael Blomkvist, a crusading journalist recently trapped by a libel conviction, to investigate. He is aided by the pierced and tattooed punk prodigy Lisbeth Salander. Together they tap into a vein of unfathomable iniquity and astonishing corruption.";"Thriller";"Fiction";"Mystery";"../images/book-thumbs/The Girl with the Dragon Tatoo.png"
52;"The Laughing Skull";"Ruskin Bond";"2016";"In the middle of the night, I woke to a loud rattling sound. A rat, perhaps? But no. As soon as I opened the cupboard door, out popped the skull?landing near my feet and bouncing away right across the drawing room. Ghosts and spirits, prets and jinns abound in this collection of stories. From the skull that refused to be given away to the spirits of long dead hill-station residents and from the mysterious man you meet on a dark road to the malevolent presence at the bottom of a pond?these are some of Ruskin Bond?s best stories about the supernatural. ";"Horror";"Mystery";"Drama";"../images/book-thumbs/The Laughing Skull.png"
53;"The Haunting of Hill House";"Shirley Jackson";"1959";"It is the story of four seekers who arrive at a notoriously unfriendly pile called Hill House: Dr. Montague, an occult scholar looking for solid evidence of a ""haunting""""; Theodora";" the lighthearted assistant; Eleanor";" a friendless";" fragile young woman well acquainted with poltergeists; and Luke";" the future heir of Hill House. At first"
54;"It";"Stephen King";"1986";"Welcome to Derry, Maine ... It?s a small city, a place as hauntingly familiar as your own hometown. Only in Derry the haunting is real ... They were seven teenagers when they first stumbled upon the horror. Now they are grown-up men and women who have gone out into the big world to gain success and happiness. But none of them can withstand the force that has drawn them back to Derry to face the nightmare without an end, and the evil without a name. ";"Horror";"Thriller";"Classics";"../images/book-thumbs/It.png"
55;"Ghost Story";"Peter Straub";"1979";"For four aging men in the terror-stricken town of Milburn, New York, an act inadvertently carried out in their youth has come back to haunt them. Now they are about to learn what happens to those who believe they can bury the past -- and get away with murder.";"Horror";"Fiction";"Mystery";"../images/book-thumbs/Ghost Story.png"
56;"The Other Side";"Faraaz Kazi";"2013";"A slow rasping sound made me turn. I jumped back, the cell phone leaving my hands and smashing against the concrete floor. Someone was seated on the chair, rocking back and forth. Through the fallen light, I could see those hands placed on the arms of the chair, two gruesome wrinkled limbs with ugly boils plastered over the black skin. The red bangles on its wrists shone in my eyes, momentarily blinding me. That thing and I call it a thing because I could sense it wasn't human as no human could have such a hideous form, as vile an existence as the one seated opposite to my horrified self";"Horror";"Thriller";"Fiction";"../images/book-thumbs/The Other Side.png"
57;"Ghost of the Silent Hills";"Anita Krishan";"2020";"The dead do not rest till they get what they want. You have arrived in the hills. In here, you are surrounded by dense, menacing forests, enveloped in a deadly silence... You never know what lurks here in the Cold, dark night. Do not walk alone after sunset in the hills. A beautiful woman in white haunts the Lonely pathways, looking to enchant and ensnare men... All the people who died in accidents here... They say you hear their screams at night. And the deserted lodges sitting amidst lush greenery and calm streams... Spirits lie in wait here, ready to prey on the living. There are sceptics who did not heed these warnings. They tried to rationalize what they saw, what they felt. But when they came face to face with the beings that they believed didn?t exist, they couldn?t run away anymore... ";"Horror";"Thriller";"Drama";"../images/book-thumbs/Ghost of the Silent Hills.png"
58;"Shutter Island";"Dennis Lehane";"2003";"The year is 1954. U.S. Marshal Teddy Daniels and his new partner, Chuck Aule, have come to Shutter Island, home of Ashecliffe Hospital for the Criminally Insane, to investigate the disappearance of a patient. Multiple murderess Rachel Solando is loose somewhere on this remote and barren island, despite having been kept in a locked cell under constant surveillance. As a killer hurricane relentlessly bears down on them, a strange case takes on even darker, more sinister shades?with hints of radical experimentation, horrifying surgeries, and lethal countermoves made in the cause of a covert shadow war.";"Mystery";"Thriller";"Suspense";"../images/book-thumbs/Shutter Island.png"
59;"The Detective ";"Roderick Thorp";"1966";"Joe Leland, war hero, career cop, private detective, is a public tough guy whose private world is coming apart. When a wartime acquaintance is killed in a fall from a race-track roof, his young widow hires Leland to investigate. As the search progresses, Leland is drawn into the shadows of Colin MacIver's life and into the black areas of his own past?the war, his troubled marriage, the brutal murder case that ended his police career.";"Mystery";"Fiction";"Thriller";"../images/book-thumbs/The Detective .png"
61;"And Then There Were None";"Agatha Christie";"1939";"First, there were ten?a curious assortment of strangers summoned as weekend guests to a little private island off the coast of Devon. Their host, an eccentric millionaire unknown to all of them, is nowhere to be found. All that the guests have in common is a wicked past they're unwilling to reveal?and a secret that will seal their fate. For each has been marked for murder. A famous nursery rhyme is framed and hung in every room of the mansion:";"Mystery";"Classics";"Thriller";"../images/book-thumbs/And Then There Were None.png"
62;"The Perfect Murder";"Ruskin Bond";"2016";"In that dim corner of the cafe was planned the perfect murder. Paul had long since realized that the affair was not so easy of accomplishment as he had so airily suggested. For the thing must be done without violence, without clues, without trace. Is the perfect murder ever possible? Find out, in this collection of stories where plenty of mysterious and strange crimes occur. Featuring some of the best writers of this genre, from Arthur Conan Doyle and Wilkie Collins to Edgar Allen Poe and Ruskin Bond, these stories will keep the reader hooked as they try to guess the motives, alibis and identity of the murderer.";"Mystery";"Fiction";"Thriller";"../images/book-thumbs/The Perfect Murder.png"
63;"The Big Sleep ";"Raymond Chandler";"1939";"Los Angeles of 2039 is a baffling and bifurcated place. After the Collapse of 2028, a vast section of LA, the Disincorporated Zone, was disowned by the civil authorities, and became essentially a third world country within the borders of the city. Navigating the boundaries between DZ and LA proper is a tricky task, and there's no one better suited than eccentric private investigator Erasmus Keane. When a valuable genetically altered sheep mysteriously goes missing from Esper Corporation's labs, Keane is the one they call.";"Mystery";"Fiction";"Humour";"../images/book-thumbs/The Big Sleep.png"
64;"The Kite Runner";"Khaled Hosseini";"2003";"The unforgettable, heartbreaking story of the unlikely friendship between a wealthy boy and the son of his father?s servant, The Kite Runner is a beautifully crafted novel set in a country that is in the process of being destroyed. It is about the power of reading, the price of betrayal, and the possibility of redemption; and an exploration of the power of fathers over sons?their love, their sacrifices, their lies.";"Drama";"Classics";"Historical";"../images/book-thumbs/The Kite Runner.png"
65;"To Kill a Mockingbird";"Harper Lee";"1960";"The unforgettable novel of a childhood in a sleepy Southern town and the crisis of conscience that rocked it. To Kill A Mockingbird became both an instant bestseller and a critical success when it was first published in 1960. It went on to win the Pulitzer Prize in 1961 and was later made into an Academy Award-winning film, also a classic. Compassionate, dramatic, and deeply moving, To Kill A Mockingbird takes readers to the roots of human behavior - to innocence and experience, kindness and cruelty, love and hatred, humor and pathos.";"Classics";"Fiction";"Historical";"../images/book-thumbs/To Kill a Mockingbird.png"
66;"The Alchemist";"Paulo Coehlo";"1998";"Paulo Coelho's enchanting novel has inspired a devoted following around the world. This story, dazzling in its powerful simplicity and soul-stirring wisdom, is about an Andalusian shepherd boy named Santiago, who travels from his homeland in Spain to the Egyptian desert in search of a treasure buried near the Pyramids. Along the way he meets a Romany woman, a man who calls himself a king, and an alchemist, all of whom point Santiago in the right direction for his quest.";"Adventure ";"Classics";"Fantasy";"../images/book-thumbs/The Alchemist.png"
67;"Julius Caesar";"William Shakespeare";"1599";"The Oxford School Shakespeare has become the preferred introduction to the literary legacy of the greatest playwright in the English language. This exclusive collection of the Bard's best works has been designed specifically for readers new to Shakespeare's rich literary legacy. Each play is presented complete and unabridged, in large print. Every book is well illustrated, and starts with a commentary and character summary. ";"Drama";"Classics";"Historical";"../images/book-thumbs/Julius Caesar.png"
68;"The Merchant of Venice";"William Shakespeare";"1605";"In this lively comedy of love and money in sixteenth-century Venice, Bassanio wants to impress the wealthy heiress Portia but lacks the necessary funds. He turns to his merchant friend, Antonio, who is forced to borrow from Shylock, a Jewish moneylender. When Antonio's business falters, repayment becomes impossible--and by the terms of the loan agreement, Shylock is able to demand a pound of Antonio's flesh. Portia cleverly intervenes, and all ends well (except of course for Shylock).";"Drama";"Classics";"Fiction";"../images/book-thumbs/The Merchant of Venice.png"
69;"Steve Jobs";"Walter Isaacson";"2015";"Walter Isaacson's ""enthralling"""" (The New Yorker) worldwide bestselling biography of Apple cofounder Steve Jobs. Based on more than forty interviews with Steve Jobs conducted over two years--as well as interviews with more than 100 family members";" friends";" adversaries";" competitors";" and colleagues--Walter Isaacson has written a riveting story of the roller-coaster life and searingly intense personality of a creative entrepreneur whose passion for perfection and ferocious drive revolutionized six industries: personal computers"
70;"The Diary of a Young Girl";"Anne Frank";"1947";"Discovered in the attic in which she spent the last years of her life, Anne Frank?s remarkable diary has become a world classic?a powerful reminder of the horrors of war and an eloquent testament to the human spirit. In 1942, with the Nazis occupying Holland, a thirteen-year-old Jewish girl and her family fled their home in Amsterdam and went into hiding. For the next two years, until their whereabouts were betrayed to the Gestapo, the Franks and another family lived cloistered in the ?Secret Annexe? of an old office building. Cut off from the outside world, they faced hunger, boredom, the constant cruelties of living in confined quarters, and the ever-present threat of discovery and death.";"Biography";"Classics";"Historical";"../images/book-thumbs/The Diary of a Young Girl.png"
71;"Becoming";"Michelle Obama";"2018";"In a life filled with meaning and accomplishment, Michelle Obama has emerged as one of the most iconic and compelling women of our era. As First Lady of the United States of America?the first African American to serve in that role?she helped create the most welcoming and inclusive White House in history, while also establishing herself as a powerful advocate for women and girls in the U.S. and around the world, dramatically changing the ways that families pursue healthier and more active lives, and standing with her husband as he led America through some of its most harrowing moments. Along the way, she showed us a few dance moves, crushed Carpool Karaoke, and raised two down-to-earth daughters under an unforgiving media glare.";"Biography";"Non Fiction";"Inspirational";"../images/book-thumbs/Becoming.png"
72;"Wings of Fire";"APJ Abdul Kalam";"1999";"Avul Pakir Jainulabdeen Abdul Kalam, the son of a little-educated boat-owner in Rameswaram, Tamil Nadu, had an unparalleled career as a defence scientist, culminating in the highest civilian award of India, the Bharat Ratna. As chief of the country's defence research and development programme, Kalam demonstrated the great potential for dynamism and innovation that existed in seemingly moribund research establishments. This is the story of Kalam's rise from obscurity and his personal and professional struggles, as well as the story of Agni, Prithvi, Akash, Trishul and Nag-missiles that have become household names in India and that have raised the nation to the level of a missile power of international reckoning. This is also the saga of independent India's struggle for technological self-sufficiency and defensive autonomy-a story as much about politics, domestic and international, as it is about science.";"Biography";"Non Fiction";"Inspirational";"../images/book-thumbs/Wings of Fire.png"
74;"The Man Who Knew Infinity";"Robert Kanigel";"1991";"The tale of a relationship between a young Indian mathematics genius, Ramanujan, and his tutor at Cambridge University, G.H. Hardy, in the years before World War I. Through their eyes the reader is taken on a journey through numbers theory. Ramanujan would regularly telescope 12 steps of logic into two - the effect is said to be like Dr Watson in the train of some argument by Sherlock Holmes. The language of symbols and infinitely large (and small) regions of mathematics should be rendered with clarity for the general reader.";"Biography";"Self Help";"Non Fiction";"../images/book-thumbs/The Man Who Knew Infinity.png"
75;"Sapiens: A Brief History of Humankind";"Yuval Noah Harari";"2011";"100,000 years ago, at least six human species inhabited the earth. Today there is just one. Us. Homo sapiens. How did our species succeed in the battle for dominance? Why did our foraging ancestors come together to create cities and kingdoms? How did we come to believe in gods, nations and human rights; to trust money, books and laws; and to be enslaved by bureaucracy, timetables and consumerism? And what will our world be like in the millennia to come?";"Non fiction";"Self Help";"History";"../images/book-thumbs/Sapiens: A Brief History of Humankind.png"
76;"Thinking Fast and Slow";"Daniel Kahneman";"2011";"In the highly anticipated Thinking, Fast and Slow, Kahneman takes us on a groundbreaking tour of the mind and explains the two systems that drive the way we think. System 1 is fast, intuitive, and emotional; System 2 is slower, more deliberative, and more logical. Kahneman exposes the extraordinary capabilities?and also the faults and biases?of fast thinking, and reveals the pervasive influence of intuitive impressions on our thoughts and behavior. The impact of loss aversion and overconfidence on corporate strategies, the difficulties of predicting what will make us happy in the future, the challenges of properly framing risks at work and at home, the profound effect of cognitive biases on everything from playing the stock market to planning the next vacation?each of these can be understood only by knowing how the two systems work together to shape our judgments and decisions.";"Non fiction";"Self Help";"Psychology";"../images/book-thumbs/Thinking Fast and Slow.png"
77;"A Brief History of Time ";"Stephen Hawkings";"1988";"In the ten years since its publication in 1988, Stephen Hawking's classic work has become a landmark volume in scientific writing, with more than nine million copies in forty languages sold worldwide. That edition was on the cutting edge of what was then known about the origins and nature of the universe. But the intervening years have seen extraordinary advances in the technology of observing both the micro- and the macrocosmic worlds. These observations have confirmed many of Professor Hawking's theoretical predictions in the first edition of his book, including the recent discoveries of the Cosmic Background Explorer satellite (COBE), which probed back in time to within 300,000 years of the universe's beginning and revealed wrinkles in the fabric of space-time that he had projected.";"Non fiction";"Self Help";"Physics";"../images/book-thumbs/A Brief History of Time .png"
79;"The Tipping Point";"Malcolm Gladwell";"2000";"The tipping point is that magic moment when an idea, trend, or social behavior crosses a threshold, tips, and spreads like wildfire. Just as a single sick person can start an epidemic of the flu, so too can a small but precisely targeted push cause a fashion trend, the popularity of a new product, or a drop in the crime rate. This widely acclaimed bestseller, in which Malcolm Gladwell explores and brilliantly illuminates the tipping point phenomenon, is already changing the way people throughout the world think about selling products and disseminating ideas";"Non fiction";"Psychology";"Business";"../images/book-thumbs/The Tipping Point.png"
80;"Quiet";"Susan Caine";"2012";"Claudia Winkleman?s warmth, humour, no-holds-barred attitude and smoky eye have made her the favourite broadcaster of millions and a much-loved household name. In this, her first ever book, Claudia invites us all into her world. She shares her observations on topics such as the importance of melted cheese, why black coats are vital, how it?s never okay to have sex with someone who has an opinion on your date outfit, how nurses are our most precious national treasure, and why colourful clothing is only for the under 10s...";"Non fiction";"Biography";"Humour";"../images/book-thumbs/Quiet.png"
81;"Atomic Habits";"James Clear";"2018";"No matter your goals, Atomic Habits offers a proven framework for improving--every day. James Clear, one of the world's leading experts on habit formation, reveals practical strategies that will teach you exactly how to form good habits, break bad ones, and master the tiny behaviors that lead to remarkable results. If you're having trouble changing your habits, the problem isn't you. The problem is your system. Bad habits repeat themselves again and again not because you don't want to change, but because you have the wrong system for change.";"Non fiction";"Self Help";"Psychology";"../images/book-thumbs/Atomic Habits.png"
82;"Midnight Children";"Salman Rushdie";"1981";"Saleem Sinai is born at the stroke of midnight on August 15, 1947, the very moment of India?s independence. Greeted by fireworks displays, cheering crowds, and Prime Minister Nehru himself, Saleem grows up to learn the ominous consequences of this coincidence. His every act is mirrored and magnified in events that sway the course of national affairs; his health and well-being are inextricably bound to those of his nation; his life is inseparable, at times indistinguishable, from the history of his country. Perhaps most remarkable are the telepathic powers linking him with India?s 1,000 other ?midnight?s children,? all born in that initial hour and endowed with magical gifts.";"Fiction";"Classics";"Historical";"../images/book-thumbs/Midnight Children.png"
